beta,theta_1,theta_2,rho,gamma_g,se_rho,se_gamma_g,loglik,h_star
0.2,0.6390503423116348,0.402885352150811,1.8946807265568195,1.4961353531301764,,,-3287.8090648130737,
